,fuzzy_predict,fuzzy_confidence,cnn_predict,cnn_confidence,actual_description,fuzzy_accuracy,cnn_accuracy
0,circle,0.3300667638577376,circle,0.9999936819076538,circle,1,1
1,circle,0.3300667638577376,circle,0.9999945163726807,circle,1,1
2,circle,0.32318768376045204,circle,0.9999942779541016,circle,1,1
3,circle,0.33185202603151664,circle,0.9999929666519165,circle,1,1
4,circle,0.3202376323596661,circle,0.9999943971633911,circle,1,1
5,circle,0.3138992765838166,circle,0.9999909400939941,circle,1,1
6,circle,0.33158367089805635,circle,0.9999963045120239,circle,1,1
7,circle,0.325448627526434,circle,0.9999970197677612,circle,1,1
8,circle,0.3096222691473161,circle,0.9999961853027344,circle,1,1
9,circle,0.31809659589112427,circle,0.9999963045120239,circle,1,1
10,circle,0.31598399825928514,circle,0.9999940395355225,circle,1,1
11,circle,0.31548246304979694,circle,0.9999963045120239,circle,1,1
12,square,0.3324998125229336,circle,0.9999880790710449,circle,0,1
13,circle,0.31598399825928514,circle,0.9999909400939941,circle,1,1
14,circle,0.3173656599164653,circle,0.9999866485595703,circle,1,1
15,square,0.30968242922126415,circle,0.9999971389770508,circle,0,1
16,circle,0.3144112448893649,circle,0.9999895095825195,circle,1,1
17,circle,0.30895034260361337,circle,0.9999972581863403,circle,1,1
18,circle,0.30678357638468257,circle,0.9999961853027344,circle,1,1
19,circle,0.3162337647048567,circle,0.9999977350234985,circle,1,1
20,circle,0.3197515098127271,circle,0.9999853372573853,circle,1,1
21,circle,0.32774142819977764,circle,0.9999823570251465,circle,1,1
22,circle,0.3257196135908581,circle,0.9999881982803345,circle,1,1
23,circle,0.3136086368153989,circle,0.9999909400939941,circle,1,1
24,circle,0.33158367089805635,circle,0.999991774559021,circle,1,1
25,circle,0.3197515098127271,circle,0.9999926090240479,circle,1,1
26,circle,0.3118418827415601,circle,0.9999879598617554,circle,1,1
27,circle,0.31855411764883285,circle,0.9999884366989136,circle,1,1
28,circle,0.31715933711203853,circle,0.9999942779541016,circle,1,1
29,circle,0.31548246304979694,circle,0.999990701675415,circle,1,1
30,circle,0.3204670776731025,circle,0.9999898672103882,circle,1,1
31,circle,0.3161860369899096,circle,0.9999746084213257,circle,1,1
32,circle,0.32435366697973295,circle,0.9999945163726807,circle,1,1
33,circle,0.31968675646636435,circle,0.9999903440475464,circle,1,1
34,circle,0.30719279962786533,circle,0.9999818801879883,circle,1,1
35,circle,0.3217522167587634,circle,0.9999902248382568,circle,1,1
36,circle,0.32304770469108396,circle,0.9999890327453613,circle,1,1
37,circle,0.30852426932713123,circle,0.9999713897705078,circle,1,1
38,circle,0.3189102261148226,circle,0.9999878406524658,circle,1,1
39,circle,0.30678357638468257,circle,0.9999942779541016,circle,1,1
40,circle,0.331415151765168,circle,0.9999849796295166,circle,1,1
41,circle,0.3204670776731025,circle,0.9999786615371704,circle,1,1
42,circle,0.32304770469108396,circle,0.9999666213989258,circle,1,1
43,circle,0.30852426932713123,circle,0.9999635219573975,circle,1,1
44,circle,0.3184320731842468,circle,0.9999903440475464,circle,1,1
45,circle,0.31855411764883285,circle,0.9999899864196777,circle,1,1
46,circle,0.3124439755351433,circle,0.9999904632568359,circle,1,1
47,circle,0.31841803156758275,circle,0.9999914169311523,circle,1,1
48,circle,0.3267692226518396,circle,0.9999914169311523,circle,1,1
49,circle,0.325448627526434,circle,0.9999910593032837,circle,1,1
50,circle,0.31841803156758275,circle,0.9999884366989136,circle,1,1
51,circle,0.3222547810373391,circle,0.9999886751174927,circle,1,1
52,circle,0.3189102261148226,circle,0.9999841451644897,circle,1,1
53,circle,0.320182884145328,circle,0.999985933303833,circle,1,1
54,circle,0.320182884145328,circle,0.9999829530715942,circle,1,1
55,circle,0.3176476451136423,circle,0.9999855756759644,circle,1,1
56,circle,0.3249249575569116,circle,0.9999788999557495,circle,1,1
57,circle,0.30905762462276587,circle,0.9999825954437256,circle,1,1
58,circle,0.31855411764883285,circle,0.9999725818634033,circle,1,1
59,circle,0.3267692226518396,circle,0.9999874830245972,circle,1,1
60,circle,0.3336444831567204,circle,0.9999834299087524,circle,1,1
61,circle,0.3217522167587634,circle,0.9999843835830688,circle,1,1
62,circle,0.3217522167587634,circle,0.9999736547470093,circle,1,1
63,circle,0.3154694634307608,circle,0.9999682903289795,circle,1,1
64,circle,0.3189102261148226,circle,0.9999715089797974,circle,1,1
65,square,0.31017566308817024,circle,0.9999840259552002,circle,0,1
66,circle,0.3096222691473161,circle,0.9999755620956421,circle,1,1
67,circle,0.325448627526434,circle,0.9999816417694092,circle,1,1
68,square,0.31203899730237106,circle,0.9999932050704956,circle,0,1
69,circle,0.3209579375374211,circle,0.9999945163726807,circle,1,1
70,circle,0.31548246304979694,circle,0.9999951124191284,circle,1,1
71,square,0.3188458177496592,circle,0.9999972581863403,circle,0,1
72,circle,0.3161860369899096,circle,0.9999986886978149,circle,1,1
73,circle,0.30678357638468257,circle,0.999997615814209,circle,1,1
74,circle,0.3184320731842468,circle,0.9999890327453613,circle,1,1
75,circle,0.31548246304979694,circle,0.9999821186065674,circle,1,1
76,square,0.3070452331478407,circle,0.9999872446060181,circle,0,1
77,circle,0.31855411764883285,circle,0.9999741315841675,circle,1,1
78,circle,0.32318768376045204,circle,0.9999673366546631,circle,1,1
79,circle,0.3151522392148746,circle,0.9999191761016846,circle,1,1
80,circle,0.3138992765838166,circle,0.9997977614402771,circle,1,1
81,circle,0.3300667638577376,circle,0.9998218417167664,circle,1,1
82,circle,0.30678357638468257,circle,0.9999649524688721,circle,1,1
83,circle,0.32304770469108396,circle,0.9999151229858398,circle,1,1
84,circle,0.3204670776731025,circle,0.9999134540557861,circle,1,1
85,circle,0.3177777314633354,circle,0.9999263286590576,circle,1,1
86,circle,0.32435366697973295,circle,0.9999665021896362,circle,1,1
87,circle,0.3197515098127271,circle,0.9999560117721558,circle,1,1
88,circle,0.3191921639216924,circle,0.9999406337738037,circle,1,1
89,circle,0.31640888568539705,circle,0.999997615814209,circle,1,1
90,circle,0.3184320731842468,circle,0.9999949932098389,circle,1,1
91,circle,0.31548246304979694,circle,0.9999938011169434,circle,1,1
92,circle,0.32304770469108396,circle,0.9999932050704956,circle,1,1
93,circle,0.3217522167587634,circle,0.999995231628418,circle,1,1
94,circle,0.3184320731842468,circle,0.9999969005584717,circle,1,1
95,circle,0.31548246304979694,circle,0.999995231628418,circle,1,1
96,circle,0.3184320731842468,circle,0.9999897480010986,circle,1,1
97,circle,0.3184320731842468,circle,0.9999855756759644,circle,1,1
98,circle,0.3177777314633354,circle,0.9999911785125732,circle,1,1
99,square,0.3190579016072504,circle,0.9999924898147583,circle,0,1
100,square,0.31751895084501075,circle,0.9999948740005493,circle,0,1
101,circle,0.31548246304979694,circle,0.9999920129776001,circle,1,1
102,circle,0.3204670776731025,circle,0.9999879598617554,circle,1,1
103,circle,0.31548246304979694,circle,0.999982476234436,circle,1,1
104,square,0.3170561242786816,circle,0.999992847442627,circle,0,1
105,circle,0.31548246304979694,circle,0.9999927282333374,circle,1,1
106,circle,0.31548246304979694,circle,0.9999942779541016,circle,1,1
107,circle,0.33185202603151664,circle,0.9999971389770508,circle,1,1
108,circle,0.31855411764883285,circle,0.9999933242797852,circle,1,1
109,circle,0.31072811217235824,circle,0.9999972581863403,circle,1,1
110,square,0.3087750503465467,circle,0.9999967813491821,circle,0,1
111,square,0.30836024067550377,circle,0.9999967813491821,circle,0,1
112,circle,0.31548246304979694,circle,0.9999969005584717,circle,1,1
113,circle,0.31072811217235824,circle,0.9999972581863403,circle,1,1
114,square,0.3070452331478407,circle,0.999993085861206,circle,0,1
115,circle,0.31548246304979694,circle,0.9999972581863403,circle,1,1
116,circle,0.31855411764883285,circle,0.9999912977218628,circle,1,1
117,square,0.3134512561922178,circle,0.9999986886978149,circle,0,1
118,circle,0.31548246304979694,circle,0.9999852180480957,circle,1,1
119,circle,0.30678357638468257,circle,0.9999953508377075,circle,1,1
120,circle,0.3173656599164653,circle,0.9999980926513672,circle,1,1
121,circle,0.31548246304979694,circle,0.9999948740005493,circle,1,1
122,circle,0.3148684090673518,circle,0.9999995231628418,circle,1,1
123,square,0.3324998125229336,circle,0.9999998807907104,circle,0,1
124,circle,0.32318768376045204,circle,0.9999998807907104,circle,1,1
125,circle,0.3297516659846019,circle,0.9999998807907104,circle,1,1
126,circle,0.3300667638577376,circle,0.9999998807907104,circle,1,1
127,circle,0.31809659589112427,circle,0.9999998807907104,circle,1,1
128,circle,0.3074340295646287,circle,0.9999998807907104,circle,1,1
129,circle,0.3067715569114562,circle,0.9999998807907104,circle,1,1
130,circle,0.3056936475299538,circle,0.9999996423721313,circle,1,1
131,circle,0.31809659589112427,circle,0.9999997615814209,circle,1,1
132,circle,0.30852426932713123,circle,0.9999997615814209,circle,1,1
133,circle,0.30678357638468257,circle,0.9999991655349731,circle,1,1
134,circle,0.3074340295646287,circle,0.9999990463256836,circle,1,1
135,circle,0.3138992765838166,circle,0.9999988079071045,circle,1,1
136,circle,0.30678357638468257,circle,0.9999979734420776,circle,1,1
137,circle,0.30678357638468257,circle,0.9999984502792358,circle,1,1
138,circle,0.3202376323596661,circle,0.9999984502792358,circle,1,1
139,circle,0.3202376323596661,circle,0.9999980926513672,circle,1,1
140,circle,0.30678357638468257,circle,0.9999973773956299,circle,1,1
141,circle,0.31598399825928514,circle,0.9999978542327881,circle,1,1
142,circle,0.3138992765838166,circle,0.9999983310699463,circle,1,1
143,circle,0.31072811217235824,circle,0.9999973773956299,circle,1,1
144,circle,0.31072811217235824,circle,0.9999977350234985,circle,1,1
145,circle,0.31072811217235824,circle,0.9999978542327881,circle,1,1
146,circle,0.3118418827415601,circle,0.999995231628418,circle,1,1
147,square,0.32279313390350955,circle,0.9999979734420776,circle,0,1
148,square,0.32865891451895635,circle,0.9999960660934448,circle,0,1
149,circle,0.30505053022467565,circle,0.9999843835830688,circle,1,1
150,circle,0.30895034260361337,circle,0.9999538660049438,circle,1,1
151,circle,0.30852426932713123,circle,0.9998120665550232,circle,1,1
152,square,0.3053092378493658,circle,0.9988608360290527,circle,0,1
153,circle,0.30785709484584806,circle,0.9874380230903625,circle,1,1
154,circle,0.31809659589112427,circle,0.9933644533157349,circle,1,1
155,circle,0.30852426932713123,circle,0.9545451998710632,circle,1,1
156,circle,0.30852426932713123,square,0.7995913624763489,circle,1,0
157,circle,0.3096222691473161,square,0.9366726279258728,circle,1,0
158,circle,0.3138992765838166,square,0.9941657781600952,circle,1,0
159,square,0.32892157962011975,square,0.9994271993637085,circle,0,0
160,circle,0.30852426932713123,square,0.9992338418960571,circle,1,0
161,circle,0.3118418827415601,square,0.9999969005584717,circle,1,0
162,circle,0.30678357638468257,square,0.9999978542327881,circle,1,0
163,circle,0.3138992765838166,square,1.0,circle,1,0
164,square,0.3096865604297828,square,0.9999997615814209,circle,0,0
165,circle,0.3056936475299538,square,0.9999997615814209,circle,1,0
166,square,0.33043363253479824,square,1.0,circle,0,0
167,circle,0.3123287798654581,square,1.0,circle,1,0
168,square,0.30218935705844024,square,1.0,circle,0,0
169,circle,0.3138992765838166,square,0.9999994039535522,circle,1,0
170,circle,0.3162337647048567,square,0.9999996423721313,circle,1,0
171,square,0.32279313390350955,square,0.9999997615814209,circle,0,0
172,square,0.32892157962011975,square,0.9999995231628418,circle,0,0
173,circle,0.3257196135908581,square,0.9999880790710449,circle,1,0
174,circle,0.3120851413964665,square,0.9996210336685181,circle,1,0
175,square,0.32106098804418504,square,0.9979093670845032,circle,0,0
176,circle,0.3050386461632771,square,0.9861504435539246,circle,1,0
177,circle,0.30719279962786533,square,0.9351514577865601,circle,1,0
178,square,0.30836024067550377,circle,0.5016136169433594,circle,0,1
179,square,0.3114016940374564,square,0.8928834795951843,circle,0,0
180,square,0.32088706675477335,circle,0.5698262453079224,circle,0,1
181,square,0.32279313390350955,circle,0.9956550598144531,circle,0,1
182,square,0.30521942444466643,circle,0.9926678538322449,circle,0,1
183,square,0.307396531845544,circle,0.9903441071510315,circle,0,1
184,square,0.3049713570069769,circle,0.9986464381217957,circle,0,1
185,circle,0.3164839263136449,circle,0.9619268178939819,circle,1,1
186,circle,0.30828132610648196,circle,0.9988459348678589,circle,1,1
187,square,0.3112050936049529,circle,0.9982290863990784,circle,0,1
188,circle,0.30505053022467565,circle,0.9987503290176392,circle,1,1
189,circle,0.3096222691473161,circle,0.9997310042381287,circle,1,1
190,circle,0.30895034260361337,circle,0.9998934268951416,circle,1,1
191,square,0.3153724235842367,circle,0.9999649524688721,circle,0,1
192,circle,0.30895034260361337,circle,0.9999841451644897,circle,1,1
193,square,0.32730360699118005,circle,0.9999899864196777,circle,0,1
194,square,0.30359276238823,circle,0.9999855756759644,circle,0,1
195,circle,0.30678357638468257,circle,0.9999779462814331,circle,1,1
196,circle,0.30505053022467565,circle,0.9999574422836304,circle,1,1
197,circle,0.3061119331709655,circle,0.9999804496765137,circle,1,1
198,circle,0.3202376323596661,circle,0.9999929666519165,circle,1,1
199,circle,0.30505053022467565,circle,0.9999881982803345,circle,1,1
200,circle,0.3123287798654581,circle,0.9999821186065674,circle,1,1
201,circle,0.30505053022467565,circle,0.9999818801879883,circle,1,1
202,circle,0.30678357638468257,circle,0.9999960660934448,circle,1,1
203,circle,0.30505053022467565,circle,0.999995231628418,circle,1,1
204,square,0.3070452331478407,circle,0.9999947547912598,circle,0,1
205,circle,0.31439262464399353,circle,0.9999966621398926,circle,1,1
206,circle,0.30852426932713123,circle,0.999985933303833,circle,1,1
207,square,0.31604868088229116,circle,0.9999914169311523,circle,0,1
208,square,0.31370056460975804,circle,0.9999730587005615,circle,0,1
209,circle,0.30852426932713123,circle,0.9999842643737793,circle,1,1
210,square,0.30944484134369993,circle,0.9999783039093018,circle,0,1
211,square,0.32665410066001915,circle,0.9999752044677734,circle,0,1
212,circle,0.31439262464399353,circle,0.9999760389328003,circle,1,1
213,circle,0.30852426932713123,circle,0.9999759197235107,circle,1,1
214,circle,0.31855411764883285,circle,0.9999861717224121,circle,1,1
215,square,0.32087505492994844,circle,0.9999719858169556,circle,0,1
216,square,0.3070452331478407,circle,0.9999698400497437,circle,0,1
217,circle,0.31414575692025093,circle,0.9999759197235107,circle,1,1
218,square,0.30957947625494653,circle,0.9999744892120361,circle,0,1
219,square,0.30065633293539634,circle,0.9999810457229614,circle,0,1
220,circle,0.3138992765838166,circle,0.9999855756759644,circle,1,1
221,circle,0.31439262464399353,circle,0.9999890327453613,circle,1,1
222,circle,0.3050386461632771,circle,0.9999922513961792,circle,1,1
223,circle,0.30505053022467565,circle,0.9999696016311646,circle,1,1
224,square,0.3137030943992637,circle,0.9999974966049194,circle,0,1
225,circle,0.30785709484584806,circle,0.9999958276748657,circle,1,1
226,square,0.31787579607172817,circle,0.9999978542327881,circle,0,1
227,circle,0.30895034260361337,circle,0.9999932050704956,circle,1,1
228,circle,0.30333695432184943,circle,0.9999923706054688,circle,1,1
229,circle,0.30719279962786533,circle,0.9999926090240479,circle,1,1
230,circle,0.3050386461632771,circle,0.9999953508377075,circle,1,1
231,circle,0.30333695432184943,circle,0.9999972581863403,circle,1,1
232,square,0.30660938615498295,circle,0.9999984502792358,circle,0,1
233,circle,0.32774142819977764,circle,0.9999986886978149,circle,1,1
234,square,0.2975271360728723,circle,0.9999970197677612,circle,0,1
235,circle,0.303972859158357,circle,0.9999969005584717,circle,1,1
236,square,0.3112050936049529,circle,0.9999983310699463,circle,0,1
237,circle,0.31439262464399353,circle,0.9999995231628418,circle,1,1
238,circle,0.30895034260361337,circle,0.9999995231628418,circle,1,1
239,square,0.30218935705844024,circle,0.9999892711639404,circle,0,1
240,circle,0.31598399825928514,circle,0.9999933242797852,circle,1,1
241,circle,0.30852426932713123,circle,0.9999985694885254,circle,1,1
242,circle,0.31414575692025093,circle,0.9999983310699463,circle,1,1
243,circle,0.3138992765838166,circle,0.9999979734420776,circle,1,1
244,circle,0.30505053022467565,circle,0.999998927116394,circle,1,1
245,square,0.3220903361038168,circle,0.9999991655349731,circle,0,1
246,circle,0.31809659589112427,circle,0.9999994039535522,circle,1,1
247,square,0.30218935705844024,circle,0.9999971389770508,circle,0,1
248,circle,0.31855411764883285,circle,0.9999994039535522,circle,1,1
249,square,0.3120652722621163,circle,0.9999986886978149,circle,0,1
250,square,0.3191513411090301,square,0.999234676361084,square,1,1
251,square,0.3126237633532846,square,0.9967061877250671,square,1,1
252,square,0.3222897005066,square,0.9945598244667053,square,1,1
253,square,0.314410480349345,square,0.9986754059791565,square,1,1
254,triangle,0.3027953921553936,square,0.9973874688148499,square,0,1
255,triangle,0.30453118357956854,square,0.9989789724349976,square,0,1
256,square,0.30078751335654597,square,0.9986918568611145,square,1,1
257,square,0.3211241180846962,square,0.9991427659988403,square,1,1
258,square,0.31325850814590783,square,0.9998831748962402,square,1,1
259,triangle,0.3027953921553936,square,0.9997197985649109,square,0,1
260,square,0.3153757214477288,square,0.999505877494812,square,1,1
261,square,0.3114517505397317,square,0.9960142374038696,square,1,1
262,triangle,0.31726645854060176,square,0.9983121156692505,square,0,1
263,square,0.310721450037304,square,0.9990103244781494,square,1,1
264,triangle,0.320457996613897,square,0.9992796778678894,square,0,1
265,square,0.32426151911124096,square,0.9995131492614746,square,1,1
266,square,0.3112391930835735,square,0.998281717300415,square,1,1
267,triangle,0.32667819833546086,square,0.9848804473876953,square,0,1
268,triangle,0.3317388061290918,square,0.996868908405304,square,0,1
269,triangle,0.3256622457822532,square,0.9979491829872131,square,0,1
270,triangle,0.3126404983015165,square,0.9939897060394287,square,0,1
271,square,0.31534555211469356,square,0.9971087574958801,square,1,1
272,square,0.31304347826086953,square,0.9930229187011719,square,1,1
273,triangle,0.33096273523507314,square,0.9967945218086243,square,0,1
274,triangle,0.32731675205561506,square,0.9886263012886047,square,0,1
275,square,0.3185279347160596,square,0.9981085062026978,square,1,1
276,triangle,0.3309671843767555,square,0.9972661733627319,square,0,1
277,triangle,0.328960461138474,square,0.9996229410171509,square,0,1
278,square,0.3215765989081846,square,0.9989534616470337,square,1,1
279,triangle,0.31382027573914806,square,0.9975793957710266,square,0,1
280,triangle,0.3300484841526514,square,0.9986567497253418,square,0,1
281,triangle,0.32878951686243796,square,0.9989697933197021,square,0,1
282,triangle,0.3300484841526514,square,0.9996479749679565,square,0,1
283,triangle,0.3222168140916878,square,0.998879611492157,square,0,1
284,triangle,0.3288628823864397,square,0.9980623126029968,square,0,1
285,square,0.31371691452359246,square,0.9926508069038391,square,1,1
286,square,0.31536937350356653,square,0.996699869632721,square,1,1
287,square,0.30599947602829447,square,0.9953892230987549,square,1,1
288,square,0.31419498410671504,square,0.993238091468811,square,1,1
289,triangle,0.3084518473236434,square,0.9911119341850281,square,0,1
290,square,0.3086245949932551,square,0.9934873580932617,square,1,1
291,square,0.32777800594172174,square,0.9983453750610352,square,1,1
292,square,0.3123439611074311,square,0.9952462315559387,square,1,1
293,square,0.3112391930835735,square,0.9950429201126099,square,1,1
294,square,0.3130643719759408,square,0.9988123178482056,square,1,1
295,square,0.31081006836251757,square,0.9725695848464966,square,1,1
296,square,0.31551709851751025,square,0.9779083132743835,square,1,1
297,square,0.31154159329398856,square,0.9885146021842957,square,1,1
298,triangle,0.31158913001972893,square,0.9977618455886841,square,0,1
299,square,0.3211240630547441,square,0.9906222224235535,square,1,1
300,square,0.3341159896557389,square,0.9928427934646606,square,1,1
301,square,0.31131307650569723,square,0.9992085099220276,square,1,1
302,triangle,0.3115306626636272,square,0.9983652234077454,square,0,1
303,square,0.31209211503232465,square,0.999627947807312,square,1,1
304,square,0.3223599954938827,square,0.9988082647323608,square,1,1
305,triangle,0.29689546966648306,square,0.9998225569725037,square,0,1
306,triangle,0.3118097412434178,square,0.9982335567474365,square,0,1
307,square,0.309516390812402,square,0.9995920062065125,square,1,1
308,triangle,0.31578641680281505,square,0.9999532699584961,square,0,1
309,square,0.3131056999303739,square,0.9992941617965698,square,1,1
310,triangle,0.3056651735042081,square,0.9991531372070312,square,0,1
311,triangle,0.3119266055045871,square,0.9970270991325378,square,0,1
312,square,0.31297190085794924,square,0.9986749291419983,square,1,1
313,square,0.3096657148182082,square,0.9990076422691345,square,1,1
314,triangle,0.31302908443789673,square,0.9979150891304016,square,0,1
315,square,0.3166644689531044,square,0.9990952014923096,square,1,1
316,triangle,0.309336703014194,square,0.9990009665489197,square,0,1
317,square,0.34169675556788837,square,0.9986163377761841,square,1,1
318,triangle,0.3111282973272529,square,0.9996383190155029,square,0,1
319,square,0.3395087642764316,square,0.9997572302818298,square,1,1
320,square,0.3366744123341401,square,0.9998558759689331,square,1,1
321,square,0.3463022484496606,square,0.9996424913406372,square,1,1
322,square,0.3555279230370286,square,0.9992969036102295,square,1,1
323,square,0.32311822512318156,square,0.9999001026153564,square,1,1
324,square,0.30632682462053473,square,0.9997249245643616,square,1,1
325,square,0.3227404920858319,square,0.9993688464164734,square,1,1
326,square,0.3248916795138531,square,0.9988825917243958,square,1,1
327,square,0.29812550753406114,square,0.9990233182907104,square,1,1
328,square,0.30821933012607466,square,0.999613344669342,square,1,1
329,square,0.30825705682649746,square,0.9991757273674011,square,1,1
330,square,0.3130492373608816,square,0.9974206686019897,square,1,1
331,triangle,0.3087543460621629,square,0.9986569881439209,square,0,1
332,square,0.31078381989644516,square,0.9982538819313049,square,1,1
333,square,0.31756959952376185,square,0.998878538608551,square,1,1
334,square,0.3043825399146001,square,0.999470055103302,square,1,1
335,square,0.30373456502005364,square,0.9990994930267334,square,1,1
336,square,0.3048783019142073,square,0.9985849857330322,square,1,1
337,square,0.30853459707682807,square,0.9995519518852234,square,1,1
338,triangle,0.3045252551169376,square,0.9995858073234558,square,0,1
339,square,0.31394680424192384,square,0.9994020462036133,square,1,1
340,triangle,0.30706797510627737,square,0.9999548196792603,square,0,1
341,square,0.30631076431843696,square,0.9999778270721436,square,1,1
342,square,0.3158560807597469,square,0.9999654293060303,square,1,1
343,square,0.30400423695054896,square,0.999976634979248,square,1,1
344,square,0.3102336759752283,square,0.9998906850814819,square,1,1
345,triangle,0.3112077183321897,square,0.9999459981918335,square,0,1
346,square,0.336126489790807,square,0.9999417066574097,square,1,1
347,square,0.30914276216356207,square,0.9999581575393677,square,1,1
348,square,0.3114517505397317,square,0.9999812841415405,square,1,1
349,square,0.317372423116618,square,0.999923825263977,square,1,1
350,square,0.3144703090163738,square,0.9998137354850769,square,1,1
351,square,0.3120652722621163,square,0.9999794960021973,square,1,1
352,triangle,0.3023912298518807,square,0.9999401569366455,square,0,1
353,square,0.30751916574172067,square,0.9999529123306274,square,1,1
354,square,0.3165231203838892,square,0.9995834231376648,square,1,1
355,square,0.3140538570159575,square,0.9996761083602905,square,1,1
356,triangle,0.31382710038824635,square,0.997275173664093,square,0,1
357,square,0.314444184172182,square,0.9989364743232727,square,1,1
358,triangle,0.3121387740709198,square,0.9996379613876343,square,0,1
359,square,0.31140487873688877,square,0.9930219054222107,square,1,1
360,square,0.31579357305561834,square,0.9904689192771912,square,1,1
361,square,0.3198639387232082,square,0.988353431224823,square,1,1
362,square,0.314543716558966,square,0.9900456070899963,square,1,1
363,square,0.315298884081971,square,0.9601020216941833,square,1,1
364,square,0.33945463237329415,square,0.962202787399292,square,1,1
365,square,0.3072495164410058,square,0.9844670295715332,square,1,1
366,square,0.303895316520881,square,0.9961744546890259,square,1,1
367,square,0.346407149424231,square,0.9986489415168762,square,1,1
368,square,0.3125654118481857,square,0.9960561990737915,square,1,1
369,square,0.34022332574562886,square,0.9972978234291077,square,1,1
370,square,0.31387917578896796,square,0.9977450966835022,square,1,1
371,triangle,0.326968613989662,square,0.9985706806182861,square,0,1
372,square,0.321039341162999,square,0.9989523887634277,square,1,1
373,square,0.319712520233562,square,0.9973242282867432,square,1,1
374,square,0.31945498565823083,square,0.9984147548675537,square,1,1
375,square,0.32772966040127605,square,0.9980947375297546,square,1,1
376,square,0.337911104099439,square,0.9981107711791992,square,1,1
377,square,0.313829734532897,square,0.9988200068473816,square,1,1
378,square,0.30952862634027917,square,0.9977607727050781,square,1,1
379,square,0.3102722133227472,square,0.9986714124679565,square,1,1
380,square,0.3119396498206418,square,0.9982193112373352,square,1,1
381,square,0.31212084550642266,square,0.9975200295448303,square,1,1
382,triangle,0.3101967732465891,square,0.9975414276123047,square,0,1
383,triangle,0.3088240859718966,square,0.9949848651885986,square,0,1
384,square,0.30218586312854695,square,0.9912958145141602,square,1,1
385,triangle,0.3105298542488552,square,0.9928877949714661,square,0,1
386,square,0.3139367381752386,square,0.9985639452934265,square,1,1
387,square,0.31415308165102407,square,0.9951353669166565,square,1,1
388,square,0.3076613714055902,square,0.9977987408638,square,1,1
389,square,0.32156775483108235,square,0.9933288097381592,square,1,1
390,square,0.31468772723171395,square,0.9981299042701721,square,1,1
391,square,0.307796810517275,square,0.9982801675796509,square,1,1
392,square,0.3114517505397317,square,0.9990284442901611,square,1,1
393,square,0.31857725430019007,square,0.9957685470581055,square,1,1
394,square,0.3062430770039638,square,0.9986598491668701,square,1,1
395,square,0.30869718959623654,square,0.9984655380249023,square,1,1
396,square,0.3155180393262849,square,0.9975812435150146,square,1,1
397,square,0.3116883116883117,square,0.9903330206871033,square,1,1
398,square,0.3096904781985325,square,0.9983136653900146,square,1,1
399,triangle,0.31120452520243314,square,0.9944803714752197,square,0,1
400,square,0.3108714052707153,square,0.9985438585281372,square,1,1
401,square,0.3163240152511809,square,0.984886109828949,square,1,1
402,square,0.3208831664798468,square,0.9914050102233887,square,1,1
403,square,0.31131307650569723,square,0.9838029146194458,square,1,1
404,triangle,0.31886625332152346,square,0.9906489253044128,square,0,1
405,square,0.317197903000831,square,0.9929490089416504,square,1,1
406,triangle,0.33508369467956434,square,0.9949990510940552,square,0,1
407,triangle,0.3106003986425129,square,0.9989888072013855,square,0,1
408,triangle,0.31598329544140247,square,0.9961567521095276,square,0,1
409,square,0.32481632452455633,square,0.9819886088371277,square,1,1
410,square,0.3147190774598355,square,0.9960765242576599,square,1,1
411,square,0.30938393365065764,square,0.9983720183372498,square,1,1
412,triangle,0.3181217647441035,square,0.9992679953575134,square,0,1
413,square,0.31293676495653655,square,0.9982067346572876,square,1,1
414,triangle,0.31875553395024214,square,0.9995476603507996,square,0,1
415,square,0.3149026068263357,square,0.9986749291419983,square,1,1
416,square,0.31435050688552285,square,0.9988197684288025,square,1,1
417,square,0.31565796668221907,square,0.9979799389839172,square,1,1
418,square,0.31552981308342587,square,0.999442994594574,square,1,1
419,square,0.3163240152511809,square,0.9998971223831177,square,1,1
420,circle,0.30852426932713123,square,0.9998718500137329,square,0,1
421,square,0.32102579159195993,square,0.9999587535858154,square,1,1
422,square,0.31293676495653655,square,0.9999959468841553,square,1,1
423,square,0.28946195462188734,square,0.9999973773956299,square,1,1
424,square,0.31131307650569723,square,0.9999991655349731,square,1,1
425,square,0.31725779357262646,square,0.999998927116394,square,1,1
426,square,0.31297015354768853,square,0.9999995231628418,square,1,1
427,square,0.3212607208571764,square,0.9999998807907104,square,1,1
428,square,0.31518402561775294,square,0.9999998807907104,square,1,1
429,square,0.31131307650569723,square,1.0,square,1,1
430,square,0.3159856807921977,square,1.0,square,1,1
431,square,0.3148387726514713,square,0.9999998807907104,square,1,1
432,square,0.3149026068263357,square,0.9999998807907104,square,1,1
433,square,0.31621886968091883,square,0.9999997615814209,square,1,1
434,square,0.31918954551571177,square,0.9999995231628418,square,1,1
435,triangle,0.30991494713608503,square,0.9999990463256836,square,0,1
436,square,0.3070452331478407,square,0.9999985694885254,square,1,1
437,triangle,0.3088240859718966,square,0.9999973773956299,square,0,1
438,square,0.31307688962853736,square,0.9999945163726807,square,1,1
439,square,0.31322505800464034,square,0.9999843835830688,square,1,1
440,triangle,0.3135764168672979,square,0.9999529123306274,square,0,1
441,triangle,0.31368662944912634,square,0.9999047517776489,square,0,1
442,square,0.31164145234692486,square,0.9998573064804077,square,1,1
443,triangle,0.3129204897277849,square,0.9992897510528564,square,0,1
444,square,0.3109890656453939,square,0.9974155426025391,square,1,1
445,circle,0.30678357638468257,square,0.9961593151092529,square,0,1
446,square,0.31572422776230885,square,0.9947991371154785,square,1,1
447,square,0.31325850814590783,square,0.997191846370697,square,1,1
448,square,0.3264061716271428,square,0.995607316493988,square,1,1
449,square,0.31387917578896796,square,0.9958979487419128,square,1,1
450,square,0.3120430644282699,square,0.9958258867263794,square,1,1
451,square,0.3167776111006938,square,0.9947117567062378,square,1,1
452,square,0.3092516357367834,square,0.9843557476997375,square,1,1
453,square,0.31435050688552285,square,0.9780159592628479,square,1,1
454,square,0.3165231203838892,square,0.9788787364959717,square,1,1
455,triangle,0.31665931721818696,square,0.9552959203720093,square,0,1
456,square,0.3168513354864196,square,0.9922873973846436,square,1,1
457,square,0.33045990852592605,square,0.9979338645935059,square,1,1
458,square,0.31943103579570414,square,0.9949402809143066,square,1,1
459,square,0.34429723399002204,square,0.997078537940979,square,1,1
460,square,0.3433091448300679,square,0.9981424808502197,square,1,1
461,square,0.34139553039630893,square,0.9982345104217529,square,1,1
462,square,0.3349007386031566,square,0.9992917776107788,square,1,1
463,square,0.3163292290212012,square,0.9981945157051086,square,1,1
464,square,0.31325850814590783,square,0.9974133372306824,square,1,1
465,square,0.31325850814590783,square,0.9949106574058533,square,1,1
466,square,0.30490644766082103,square,0.9814938306808472,square,1,1
467,square,0.31608888509726396,square,0.9879477620124817,square,1,1
468,triangle,0.3153267531547817,square,0.9888643026351929,square,0,1
469,square,0.29408264625681474,square,0.9931880235671997,square,1,1
470,square,0.3044131449464513,square,0.9738984704017639,square,1,1
471,square,0.31150091838369764,square,0.9956282377243042,square,1,1
472,square,0.3132303602201677,square,0.9874144196510315,square,1,1
473,square,0.3241192912174073,square,0.9872515201568604,square,1,1
474,square,0.31347177699281276,square,0.9911522269248962,square,1,1
475,square,0.3138379611528394,square,0.9814976453781128,square,1,1
476,square,0.33580215582219947,square,0.9849921464920044,square,1,1
477,square,0.30660938615498295,square,0.952384889125824,square,1,1
478,square,0.3114517505397317,square,0.9499214291572571,square,1,1
479,square,0.3135667379410578,square,0.9751405715942383,square,1,1
480,square,0.32685903925957444,square,0.980985164642334,square,1,1
481,square,0.3260582438858196,square,0.9666541218757629,square,1,1
482,square,0.3175487232966918,square,0.9789583683013916,square,1,1
483,square,0.304688137542487,square,0.9836491346359253,square,1,1
484,square,0.31615707289521355,square,0.9529898166656494,square,1,1
485,square,0.3114881544099962,square,0.8770447969436646,square,1,1
486,square,0.32757723314979975,square,0.9161605834960938,square,1,1
487,square,0.3209474592752024,square,0.928745448589325,square,1,1
488,square,0.30443095770048956,square,0.9848410487174988,square,1,1
489,square,0.318553623838811,square,0.9869804978370667,square,1,1
490,square,0.3138812658069049,square,0.9600747227668762,square,1,1
491,square,0.3210204727543145,square,0.9701638221740723,square,1,1
492,square,0.3114517505397317,square,0.9902458190917969,square,1,1
493,square,0.31520604494382376,square,0.9833435416221619,square,1,1
494,square,0.31725779357262646,square,0.9722201228141785,square,1,1
495,square,0.32048763865731894,square,0.9687758684158325,square,1,1
496,square,0.324660782859261,square,0.9771907329559326,square,1,1
497,square,0.307806156221673,square,0.930712103843689,square,1,1
498,square,0.34096173603566143,square,0.9601191282272339,square,1,1
499,circle,0.31005138261376564,square,0.9807915091514587,square,0,1
500,star,0.4374240583232078,star,0.9997454285621643,star,1,1
501,star,0.4518205760628736,star,0.9997541308403015,star,1,1
502,star,0.446862792740594,star,0.9998254179954529,star,1,1
503,star,0.43926535941148415,star,0.9995600581169128,star,1,1
504,star,0.40957941273762005,star,0.9995772242546082,star,1,1
505,star,0.4708141664061453,star,0.9993616938591003,star,1,1
506,star,0.5320455731965728,star,0.9999462366104126,star,1,1
507,star,0.40460387258725955,star,0.9999256134033203,star,1,1
508,star,0.48022326498253737,star,0.9999812841415405,star,1,1
509,star,0.4629256519388252,star,0.9999498128890991,star,1,1
510,star,0.5303270879644332,star,0.9999585151672363,star,1,1
511,star,0.5119869971556278,star,0.9999774694442749,star,1,1
512,star,0.4441163001523379,star,0.9998775720596313,star,1,1
513,star,0.5402581438229871,star,0.9999575614929199,star,1,1
514,star,0.3334701232340962,star,0.9999109506607056,star,1,1
515,star,0.4285364035533058,star,0.9998917579650879,star,1,1
516,star,0.49694248780865397,star,0.9999635219573975,star,1,1
517,star,0.39190944516607906,star,0.9999113082885742,star,1,1
518,triangle,0.33347001808408755,star,0.9997134804725647,star,0,1
519,star,0.4411764705882353,star,0.9995771050453186,star,1,1
520,star,0.3995701593740067,star,0.9996296167373657,star,1,1
521,star,0.4207295052365475,star,0.9995966553688049,star,1,1
522,star,0.42396151772941165,star,0.9994834661483765,star,1,1
523,star,0.4591023508200434,star,0.9985787868499756,star,1,1
524,star,0.4437654203833745,star,0.9926722049713135,star,1,1
525,star,0.4444444444444444,star,0.9799045324325562,star,1,1
526,star,0.4168749888965309,star,0.7919084429740906,star,1,1
527,star,0.4426229508196722,star,0.9645847678184509,star,1,1
528,star,0.4636273319350922,star,0.6253539323806763,star,1,1
529,star,0.4372926531885332,star,0.538214385509491,star,1,1
530,star,0.44688534456816126,triangle,0.5713120698928833,star,1,0
531,star,0.4827467128223807,star,0.6053272485733032,star,1,1
532,star,0.4086181277860327,star,0.667406439781189,star,1,1
533,star,0.3885541513925247,star,0.9272107481956482,star,1,1
534,star,0.39206270056897025,star,0.9193616509437561,star,1,1
535,star,0.3876190830748951,star,0.8605319857597351,star,1,1
536,star,0.4016439560260769,star,0.8627917766571045,star,1,1
537,star,0.47091778758489466,star,0.8668859004974365,star,1,1
538,star,0.43604925531847955,star,0.9739192724227905,star,1,1
539,star,0.40882694541231124,star,0.7323030233383179,star,1,1
540,star,0.41620902942366605,star,0.953286349773407,star,1,1
541,star,0.4386000167462112,star,0.996727705001831,star,1,1
542,star,0.44874639307470343,star,0.9965944886207581,star,1,1
543,star,0.4006373776462554,star,0.978644847869873,star,1,1
544,star,0.44071528790775505,star,0.9955511093139648,star,1,1
545,star,0.48326647053579397,star,0.9972586631774902,star,1,1
546,star,0.5154678805323634,star,0.9988266825675964,star,1,1
547,star,0.44931686270481275,star,0.9892420172691345,star,1,1
548,star,0.5178656164880043,star,0.999138355255127,star,1,1
549,star,0.43529877324891175,star,0.9972637891769409,star,1,1
550,star,0.4260813428018076,star,0.998441755771637,star,1,1
551,star,0.5281456953642385,star,0.9980138540267944,star,1,1
552,star,0.38748116342293176,star,0.9876985549926758,star,1,1
553,star,0.4713412860052371,star,0.9891257286071777,star,1,1
554,star,0.4310344827586207,star,0.99540776014328,star,1,1
555,star,0.49449181825268734,star,0.9976587295532227,star,1,1
556,star,0.3704904013346765,star,0.9983972907066345,star,1,1
557,star,0.4089496360124796,star,0.9954453706741333,star,1,1
558,star,0.45791726851230724,star,0.9942447543144226,star,1,1
559,star,0.4217589264318236,star,0.9990434050559998,star,1,1
560,star,0.47973832455024534,star,0.999337375164032,star,1,1
561,star,0.4888802666619637,star,0.9999041557312012,star,1,1
562,star,0.420815029511032,star,0.9999041557312012,star,1,1
563,star,0.4512991946512688,star,0.9997294545173645,star,1,1
564,star,0.30849618070200097,star,0.9993075132369995,star,1,1
565,star,0.34273831095551327,star,0.9995957016944885,star,1,1
566,star,0.37645617699012834,star,0.9991514682769775,star,1,1
567,star,0.4469525959367946,star,0.9997392296791077,star,1,1
568,star,0.4584954812980414,star,0.9990474581718445,star,1,1
569,star,0.39411120466766986,star,0.9993776679039001,star,1,1
570,star,0.3769963377108499,star,0.9991605281829834,star,1,1
571,star,0.4227440484755112,star,0.9994279742240906,star,1,1
572,star,0.45122371596001376,star,0.9997090697288513,star,1,1
573,star,0.5566763254757616,star,0.9997972846031189,star,1,1
574,star,0.4033305324268581,star,0.9995995163917542,star,1,1
575,star,0.44609665427509293,star,0.9997705817222595,star,1,1
576,star,0.4935143919656794,star,0.9982969164848328,star,1,1
577,star,0.4365944824942554,star,0.9995962977409363,star,1,1
578,star,0.48346293124847817,star,0.9981129169464111,star,1,1
579,star,0.44772618398665287,star,0.9989100694656372,star,1,1
580,star,0.45743046913479496,star,0.9993176460266113,star,1,1
581,star,0.4536043660036315,star,0.99947589635849,star,1,1
582,star,0.45182607407955877,star,0.9994661211967468,star,1,1
583,star,0.5206432238690303,star,0.9994856119155884,star,1,1
584,star,0.3834484283329302,star,0.9991082549095154,star,1,1
585,star,0.3769963377108499,star,0.9987512826919556,star,1,1
586,star,0.4271067766941736,star,0.9983388185501099,star,1,1
587,star,0.4110930280721726,star,0.9986893534660339,star,1,1
588,star,0.4046368006779329,star,0.9990296363830566,star,1,1
589,star,0.43264688067837676,star,0.9908910393714905,star,1,1
590,star,0.40916789980405105,star,0.996192455291748,star,1,1
591,star,0.4758166766916642,star,0.9989551305770874,star,1,1
592,star,0.4417371888636726,star,0.9990311861038208,star,1,1
593,star,0.43165467625899284,star,0.9968460202217102,star,1,1
594,star,0.42303172737955347,star,0.9938994646072388,star,1,1
595,star,0.4089430474518511,star,0.996498703956604,star,1,1
596,star,0.42011457670273716,star,0.9981486797332764,star,1,1
597,star,0.48755606367074145,star,0.9887785315513611,star,1,1
598,star,0.462369510300315,star,0.9910236597061157,star,1,1
599,star,0.5066564982507186,star,0.9843811988830566,star,1,1
600,star,0.46251934241602777,star,0.9840677976608276,star,1,1
601,star,0.43847993622110015,star,0.9958886504173279,star,1,1
602,star,0.47491166077738517,star,0.9979960918426514,star,1,1
603,star,0.45593005125101155,star,0.9893681406974792,star,1,1
604,star,0.45621034478320743,star,0.9917553663253784,star,1,1
605,star,0.43165467625899284,star,0.9918792843818665,star,1,1
606,star,0.43732054396869974,star,0.9961285591125488,star,1,1
607,star,0.4292845429688912,star,0.9957314133644104,star,1,1
608,star,0.44660115653685956,star,0.988783061504364,star,1,1
609,star,0.39879154078549844,star,0.9975086450576782,star,1,1
610,star,0.43671769524724835,star,0.9995245933532715,star,1,1
611,star,0.5378519642556062,star,0.9994179010391235,star,1,1
612,star,0.5178571428571429,star,0.9986647367477417,star,1,1
613,star,0.47820079288115325,star,0.9989620447158813,star,1,1
614,star,0.4033305324268581,star,0.9972905516624451,star,1,1
615,star,0.4560942508157432,star,0.9980177879333496,star,1,1
616,star,0.4568000922828469,star,0.9998773336410522,star,1,1
617,star,0.5411631493664956,star,0.9995265007019043,star,1,1
618,star,0.3678879749847053,star,0.9978873133659363,star,1,1
619,star,0.430844553243574,star,0.9995668530464172,star,1,1
620,star,0.37894801339415646,star,0.9992843270301819,star,1,1
621,star,0.37018491979902274,star,0.9991605281829834,star,1,1
622,star,0.4816848543824286,star,0.9968363046646118,star,1,1
623,star,0.572541382667965,star,0.998076319694519,star,1,1
624,star,0.5463907066402882,star,0.9978055357933044,star,1,1
625,star,0.5984101927010845,star,0.9983474016189575,star,1,1
626,star,0.4732301457163027,star,0.9989458918571472,star,1,1
627,star,0.5405706213480019,star,0.9985170960426331,star,1,1
628,star,0.5265977454321635,star,0.9991738200187683,star,1,1
629,star,0.4670666098785753,star,0.9995336532592773,star,1,1
630,star,0.5909176559261353,star,0.9996604919433594,star,1,1
631,star,0.5613456230981531,star,0.9993982315063477,star,1,1
632,star,0.48584090738376023,star,0.9997722506523132,star,1,1
633,star,0.48268426925914026,star,0.9997631907463074,star,1,1
634,star,0.5604185984898662,star,0.9994996786117554,star,1,1
635,star,0.47035667017341437,star,0.9988865256309509,star,1,1
636,star,0.5300029708174319,star,0.99842369556427,star,1,1
637,star,0.4104612850082372,star,0.99613356590271,star,1,1
638,star,0.4447020869039217,star,0.9969527721405029,star,1,1
639,star,0.3962199020456353,star,0.996812641620636,star,1,1
640,star,0.4337930987461563,star,0.999901533126831,star,1,1
641,star,0.46175188267935,star,0.9998261332511902,star,1,1
642,star,0.4347392892726669,star,0.9961264729499817,star,1,1
643,star,0.43343147741566923,star,0.9996318817138672,star,1,1
644,star,0.4729299363057325,star,0.9999727010726929,star,1,1
645,star,0.46551724137931033,star,0.9999586343765259,star,1,1
646,star,0.4709720169223712,star,0.9999473094940186,star,1,1
647,star,0.48615296312239925,star,0.9999711513519287,star,1,1
648,star,0.4409075780797376,star,0.9999840259552002,star,1,1
649,star,0.5456616189311173,star,0.9999970197677612,star,1,1
650,star,0.47360589392186503,star,0.9999970197677612,star,1,1
651,star,0.36642007678621596,star,0.9999891519546509,star,1,1
652,star,0.57982625056961,star,0.9999856948852539,star,1,1
653,star,0.4410613476238059,star,0.9999833106994629,star,1,1
654,star,0.5699454949936259,star,0.9999887943267822,star,1,1
655,star,0.4840589706761896,star,0.9999845027923584,star,1,1
656,star,0.4834109025780738,star,0.9999836683273315,star,1,1
657,star,0.5427950420019972,star,0.9999754428863525,star,1,1
658,star,0.4181535212852194,star,0.9999563694000244,star,1,1
659,star,0.48873073015592566,star,0.9999431371688843,star,1,1
660,star,0.4873187453461308,star,0.9999499320983887,star,1,1
661,star,0.4442530249576175,star,0.9999023675918579,star,1,1
662,star,0.43178410794602695,star,0.9998737573623657,star,1,1
663,star,0.4739098767298363,star,0.9998947381973267,star,1,1
664,star,0.43344172810148224,star,0.9998948574066162,star,1,1
665,star,0.3252151410751836,star,0.9999092817306519,star,1,1
666,star,0.36969666610436824,star,0.9998167157173157,star,1,1
667,star,0.39118065433854904,star,0.9996776580810547,star,1,1
668,star,0.4032493230576963,star,0.9999300241470337,star,1,1
669,star,0.4095667661320819,star,0.9999688863754272,star,1,1
670,star,0.5622722019735088,star,0.9998960494995117,star,1,1
671,star,0.46127932295304225,star,0.9999250173568726,star,1,1
672,star,0.44715447154471544,star,0.9996312856674194,star,1,1
673,star,0.5219651402730825,star,0.9983276724815369,star,1,1
674,star,0.453255004464228,star,0.9985541701316833,star,1,1
675,star,0.4532374100719424,star,0.9960364699363708,star,1,1
676,star,0.44728194535724347,star,0.9944707155227661,star,1,1
677,star,0.5239778462469047,star,0.9969520568847656,star,1,1
678,star,0.4681496771029184,star,0.9967946410179138,star,1,1
679,star,0.47579408144829305,star,0.9971917271614075,star,1,1
680,star,0.4272344408048666,star,0.9986833930015564,star,1,1
681,star,0.42658623289884734,star,0.9974555373191833,star,1,1
682,star,0.4431934493346981,star,0.9986157417297363,star,1,1
683,star,0.449859096845144,star,0.9863600134849548,star,1,1
684,star,0.5070538470332686,star,0.9933534860610962,star,1,1
685,star,0.5410169491525424,star,0.9954989552497864,star,1,1
686,star,0.47137213631427577,star,0.9902134537696838,star,1,1
687,star,0.4415612273054837,star,0.9975021481513977,star,1,1
688,star,0.4704655236432263,star,0.98752361536026,star,1,1
689,star,0.4309142284036839,star,0.9958397150039673,star,1,1
690,star,0.4413808916467234,star,0.9984159469604492,star,1,1
691,star,0.46921585730019943,star,0.9947993755340576,star,1,1
692,star,0.42742455887148817,star,0.997439980506897,star,1,1
693,star,0.4419967025642825,star,0.9968616962432861,star,1,1
694,star,0.4626354269719856,star,0.9990140199661255,star,1,1
695,star,0.511841410407442,star,0.9990575909614563,star,1,1
696,star,0.43750172625365474,star,0.997022807598114,star,1,1
697,star,0.4361549136658726,star,0.9944601058959961,star,1,1
698,star,0.46533119670507805,star,0.9989328980445862,star,1,1
699,star,0.4413562948998828,star,0.9963762164115906,star,1,1
700,star,0.4126547455295736,star,0.9989213943481445,star,1,1
701,star,0.46374677953625326,star,0.9952384233474731,star,1,1
702,star,0.4610467996287194,star,0.9937866926193237,star,1,1
703,star,0.49990081333068836,star,0.9975881576538086,star,1,1
704,star,0.42028177982965853,star,0.9993388056755066,star,1,1
705,star,0.49149093658977383,star,0.9950677156448364,star,1,1
706,star,0.5119869971556278,star,0.9981573224067688,star,1,1
707,star,0.4591023508200434,star,0.9974572062492371,star,1,1
708,star,0.41904761904761906,star,0.9972066283226013,star,1,1
709,star,0.437375745526839,star,0.9975858926773071,star,1,1
710,star,0.4536309532028887,star,0.9989474415779114,star,1,1
711,star,0.40377468149213097,star,0.9985815286636353,star,1,1
712,star,0.4411764705882353,star,0.9852664470672607,star,1,1
713,star,0.4412210977491926,star,0.9933377504348755,star,1,1
714,star,0.43227872872353174,star,0.9975321292877197,star,1,1
715,star,0.4573200910680701,star,0.9956327080726624,star,1,1
716,star,0.5033959248901319,star,0.9994909763336182,star,1,1
717,star,0.4294358774155768,star,0.9991359114646912,star,1,1
718,star,0.48691412080804064,star,0.99897301197052,star,1,1
719,star,0.396979812067034,star,0.996735155582428,star,1,1
720,star,0.4588639839136202,star,0.9980315566062927,star,1,1
721,star,0.4156764336851428,star,0.9972903728485107,star,1,1
722,star,0.4271067766941736,star,0.9980039000511169,star,1,1
723,star,0.44047263412804855,star,0.9950555562973022,star,1,1
724,star,0.3895241608262634,star,0.9999371767044067,star,1,1
725,star,0.47766806309554316,star,0.9994294047355652,star,1,1
726,star,0.45816288583116405,star,0.9994208812713623,star,1,1
727,star,0.48691412080804064,star,0.9995803236961365,star,1,1
728,star,0.43631056625802683,star,0.9995763897895813,star,1,1
729,star,0.4750750460293829,star,0.9994626641273499,star,1,1
730,star,0.49277570629571205,star,0.9996157884597778,star,1,1
731,star,0.5231566158898843,star,0.9995656609535217,star,1,1
732,star,0.5261347849892981,star,0.9998031258583069,star,1,1
733,star,0.5525757277645665,star,0.9996412992477417,star,1,1
734,star,0.5763346175013759,star,0.9996286630630493,star,1,1
735,star,0.5152925531914894,star,0.9998204112052917,star,1,1
736,star,0.5068849301877709,star,0.9998061060905457,star,1,1
737,star,0.5081859661099751,star,0.9998144507408142,star,1,1
738,star,0.4127327835473932,star,0.9996060729026794,star,1,1
739,star,0.4396666035233946,star,0.9997875094413757,star,1,1
740,star,0.40094418674673127,star,0.9999144077301025,star,1,1
741,star,0.4437654203833745,star,0.9996370077133179,star,1,1
742,star,0.4591728525980912,star,0.9996102452278137,star,1,1
743,star,0.43790777396881564,star,0.999842643737793,star,1,1
744,star,0.4460649517908733,star,0.9999409914016724,star,1,1
745,star,0.4770517466175434,star,0.9999938011169434,star,1,1
746,star,0.3927969460970134,star,0.9999915361404419,star,1,1
747,star,0.4258150154651288,star,0.9999966621398926,star,1,1
748,star,0.418000418317626,star,0.9999454021453857,star,1,1
749,star,0.39542824202381216,star,0.9999791383743286,star,1,1
750,triangle,0.3502964450443833,triangle,0.9999997615814209,triangle,1,1
751,triangle,0.3171981403290792,triangle,1.0,triangle,1,1
752,triangle,0.32238728508696474,triangle,0.9999998807907104,triangle,1,1
753,square,0.31293676495653655,triangle,1.0,triangle,0,1
754,triangle,0.30419817176390923,triangle,1.0,triangle,1,1
755,triangle,0.350292625988622,triangle,0.9999997615814209,triangle,1,1
756,triangle,0.32685219742106697,triangle,0.9999992847442627,triangle,1,1
757,square,0.3119828996526492,triangle,0.9999994039535522,triangle,0,1
758,square,0.31864295724411135,triangle,0.9999997615814209,triangle,0,1
759,triangle,0.31282161071680165,triangle,0.9999998807907104,triangle,1,1
760,triangle,0.3137528505307228,triangle,0.9999998807907104,triangle,1,1
761,triangle,0.31796421955568077,triangle,1.0,triangle,1,1
762,triangle,0.3383858584298351,triangle,1.0,triangle,1,1
763,triangle,0.350292625988622,triangle,1.0,triangle,1,1
764,triangle,0.3352247364107287,triangle,0.9999998807907104,triangle,1,1
765,triangle,0.3320582403913632,triangle,0.9999997615814209,triangle,1,1
766,square,0.309516390812402,triangle,0.999996542930603,triangle,0,1
767,triangle,0.3104145830289896,triangle,0.9999935626983643,triangle,1,1
768,triangle,0.31446298508613046,triangle,0.9999936819076538,triangle,1,1
769,triangle,0.3567681007345226,triangle,0.99998939037323,triangle,1,1
770,triangle,0.32667819833546086,triangle,0.9999382495880127,triangle,1,1
771,triangle,0.30865053648203955,triangle,0.9997852444648743,triangle,1,1
772,square,0.31131307650569723,triangle,0.9990027546882629,triangle,0,1
773,square,0.3096904781985325,triangle,0.999017596244812,triangle,0,1
774,square,0.31131307650569723,triangle,0.9935213923454285,triangle,0,1
775,triangle,0.3229427695006034,triangle,0.9960365891456604,triangle,1,1
776,triangle,0.3465589489976971,triangle,0.9981548190116882,triangle,1,1
777,square,0.30952862634027917,triangle,0.9990583062171936,triangle,0,1
778,square,0.3259970946479467,triangle,0.9997063279151917,triangle,0,1
779,square,0.31131307650569723,triangle,0.9999526739120483,triangle,0,1
780,triangle,0.31849275711023306,triangle,0.9999866485595703,triangle,1,1
781,square,0.3111667110783345,triangle,0.9999988079071045,triangle,0,1
782,triangle,0.3548809038061778,triangle,0.9999984502792358,triangle,1,1
783,square,0.31058107079421465,triangle,0.9999978542327881,triangle,0,1
784,triangle,0.31605071627450704,triangle,0.9999972581863403,triangle,1,1
785,square,0.3105164076113961,triangle,0.9999649524688721,triangle,0,1
786,square,0.3166644689531044,triangle,0.9999700784683228,triangle,0,1
787,triangle,0.31351050053627694,triangle,0.9999555349349976,triangle,1,1
788,triangle,0.3136206667796614,triangle,0.9999916553497314,triangle,1,1
789,square,0.314236611126587,triangle,0.9999966621398926,triangle,0,1
790,square,0.31927580229783403,triangle,0.9999977350234985,triangle,0,1
791,triangle,0.33616380088024345,triangle,0.9999992847442627,triangle,1,1
792,triangle,0.3554486826972616,triangle,0.9999996423721313,triangle,1,1
793,triangle,0.30320830650598407,triangle,1.0,triangle,1,1
794,triangle,0.30937642119396425,triangle,0.9999998807907104,triangle,1,1
795,square,0.31241858598376293,triangle,0.9999996423721313,triangle,0,1
796,triangle,0.3237431872993208,triangle,0.9999998807907104,triangle,1,1
797,square,0.31325850814590783,triangle,0.9999990463256836,triangle,0,1
798,square,0.3139627583487736,triangle,0.9999961853027344,triangle,0,1
799,triangle,0.3172854765330619,triangle,0.9999891519546509,triangle,1,1
800,triangle,0.3106003986425129,triangle,0.9999847412109375,triangle,1,1
801,square,0.31131307650569723,triangle,0.9999456405639648,triangle,0,1
802,triangle,0.332096885118976,triangle,0.9999042749404907,triangle,1,1
803,square,0.314868804664723,triangle,0.9999001026153564,triangle,0,1
804,triangle,0.30882705432648033,triangle,0.9998668432235718,triangle,1,1
805,triangle,0.30707090979792023,triangle,0.9999302625656128,triangle,1,1
806,square,0.3094242955372792,triangle,0.9998912811279297,triangle,0,1
807,triangle,0.31444631059444705,triangle,0.9999810457229614,triangle,1,1
808,triangle,0.30733305713532444,triangle,0.9999728202819824,triangle,1,1
809,triangle,0.3046307307659017,triangle,0.9999428987503052,triangle,1,1
810,triangle,0.30882705432648033,triangle,0.9999721050262451,triangle,1,1
811,square,0.31251733596147474,triangle,0.9999827146530151,triangle,0,1
812,triangle,0.3149437229744508,triangle,0.9999557733535767,triangle,1,1
813,triangle,0.30706797510627737,triangle,0.9999682903289795,triangle,1,1
814,triangle,0.3045252551169376,triangle,0.9999727010726929,triangle,1,1
815,square,0.31131307650569723,triangle,0.9999912977218628,triangle,0,1
816,triangle,0.30909220998404874,triangle,0.9999948740005493,triangle,1,1
817,triangle,0.32616122927152374,triangle,0.9999932050704956,triangle,1,1
818,triangle,0.3171472006229236,triangle,0.9999936819076538,triangle,1,1
819,triangle,0.32593310494274313,triangle,0.9999896287918091,triangle,1,1
820,triangle,0.35649271323838966,triangle,0.9999972581863403,triangle,1,1
821,triangle,0.350292625988622,triangle,0.9999997615814209,triangle,1,1
822,triangle,0.3531273698440437,triangle,0.9999998807907104,triangle,1,1
823,triangle,0.36383138990437985,triangle,0.9999997615814209,triangle,1,1
824,triangle,0.34902731797071823,triangle,0.9999964237213135,triangle,1,1
825,triangle,0.3021288623965204,triangle,0.9999936819076538,triangle,1,1
826,square,0.30065633293539634,triangle,0.9999963045120239,triangle,0,1
827,triangle,0.3121387740709198,triangle,0.9999985694885254,triangle,1,1
828,triangle,0.31614972341204073,triangle,0.9999959468841553,triangle,1,1
829,square,0.31058107079421465,triangle,0.9999990463256836,triangle,0,1
830,triangle,0.3223514702018647,triangle,0.9999983310699463,triangle,1,1
831,triangle,0.3560966520348034,triangle,0.9999991655349731,triangle,1,1
832,triangle,0.35804701456796006,triangle,0.9999943971633911,triangle,1,1
833,triangle,0.350292625988622,triangle,0.999996542930603,triangle,1,1
834,triangle,0.3517758838362238,triangle,0.9999916553497314,triangle,1,1
835,triangle,0.3566255431796614,triangle,0.999981164932251,triangle,1,1
836,triangle,0.3494210359745704,triangle,0.9999237060546875,triangle,1,1
837,triangle,0.30706797510627737,triangle,0.9999755620956421,triangle,1,1
838,triangle,0.31133928338912137,triangle,0.9999959468841553,triangle,1,1
839,triangle,0.3134204950330729,triangle,0.9999892711639404,triangle,1,1
840,triangle,0.30675892264617044,triangle,0.9999963045120239,triangle,1,1
841,triangle,0.31796421955568077,triangle,0.999998927116394,triangle,1,1
842,triangle,0.3131447325861669,triangle,0.9999971389770508,triangle,1,1
843,triangle,0.34803872783883305,triangle,0.9999665021896362,triangle,1,1
844,triangle,0.3089153889835321,triangle,0.9999933242797852,triangle,1,1
845,triangle,0.31042484751393823,triangle,0.9999920129776001,triangle,1,1
846,triangle,0.311693863818714,triangle,0.9999945163726807,triangle,1,1
847,square,0.3082237789079743,triangle,0.9999830722808838,triangle,0,1
848,triangle,0.3131447325861669,triangle,0.9999971389770508,triangle,1,1
849,triangle,0.31162979826793324,triangle,0.9999814033508301,triangle,1,1
850,triangle,0.30771963611014486,triangle,0.9999843835830688,triangle,1,1
851,square,0.31208069639141567,triangle,0.9999959468841553,triangle,0,1
852,triangle,0.3435540672957027,triangle,0.9999988079071045,triangle,1,1
853,triangle,0.3021288623965204,triangle,0.9999984502792358,triangle,1,1
854,triangle,0.3483814862557092,triangle,0.9999954700469971,triangle,1,1
855,triangle,0.3455817270004998,triangle,0.9999880790710449,triangle,1,1
856,triangle,0.35114091615145476,triangle,0.9999977350234985,triangle,1,1
857,triangle,0.35666260757404367,triangle,0.9999959468841553,triangle,1,1
858,triangle,0.35411177582839964,triangle,0.9999992847442627,triangle,1,1
859,triangle,0.3531552135385824,triangle,0.9999954700469971,triangle,1,1
860,square,0.31019078446039944,triangle,0.9999986886978149,triangle,0,1
861,triangle,0.30689639321518264,triangle,0.9999996423721313,triangle,1,1
862,triangle,0.31192357726734365,triangle,0.9999984502792358,triangle,1,1
863,triangle,0.3143064842831473,triangle,0.9999982118606567,triangle,1,1
864,triangle,0.3129173525289128,triangle,0.9999979734420776,triangle,1,1
865,triangle,0.3045252551169376,triangle,0.9999994039535522,triangle,1,1
866,triangle,0.31151889092294016,triangle,0.9999996423721313,triangle,1,1
867,square,0.30952862634027917,triangle,0.9999997615814209,triangle,0,1
868,star,0.2999855335471313,triangle,0.9999994039535522,triangle,0,1
869,triangle,0.30861874568776,triangle,0.9999994039535522,triangle,1,1
870,triangle,0.304354012880372,triangle,0.9999994039535522,triangle,1,1
871,square,0.3095612915952867,triangle,0.9999991655349731,triangle,0,1
872,triangle,0.3053346249631012,triangle,0.9999998807907104,triangle,1,1
873,triangle,0.31446298508613046,triangle,0.9999990463256836,triangle,1,1
874,triangle,0.32024834388954965,triangle,0.9999988079071045,triangle,1,1
875,triangle,0.31375330659275874,triangle,0.9999969005584717,triangle,1,1
876,triangle,0.3494434242887679,triangle,0.9999963045120239,triangle,1,1
877,triangle,0.35376379825389,triangle,0.9999990463256836,triangle,1,1
878,triangle,0.35037540158878727,triangle,0.9999946355819702,triangle,1,1
879,triangle,0.30997636948739454,triangle,0.9999986886978149,triangle,1,1
880,triangle,0.30939442269723194,triangle,0.9999996423721313,triangle,1,1
881,triangle,0.3086475715197447,triangle,0.9999985694885254,triangle,1,1
882,triangle,0.30699565296741055,triangle,0.9999998807907104,triangle,1,1
883,triangle,0.3552472140329347,triangle,0.9999992847442627,triangle,1,1
884,triangle,0.3141267200191624,triangle,0.9999998807907104,triangle,1,1
885,triangle,0.31203622941655274,triangle,0.999998927116394,triangle,1,1
886,triangle,0.3172377703506598,triangle,0.9999991655349731,triangle,1,1
887,triangle,0.3213766518760679,triangle,0.9999985694885254,triangle,1,1
888,triangle,0.31298730090910454,triangle,0.999997615814209,triangle,1,1
889,triangle,0.31339442964079245,triangle,0.9999996423721313,triangle,1,1
890,triangle,0.3120488000222097,triangle,0.9999972581863403,triangle,1,1
891,triangle,0.31341735757123496,triangle,0.9999986886978149,triangle,1,1
892,square,0.30635463983174177,triangle,0.9999985694885254,triangle,0,1
893,triangle,0.3172377703506598,triangle,0.9999980926513672,triangle,1,1
894,triangle,0.34614242554214364,triangle,0.9999978542327881,triangle,1,1
895,triangle,0.3502482167364158,triangle,0.9999740123748779,triangle,1,1
896,triangle,0.35463310907591256,triangle,0.999992847442627,triangle,1,1
897,triangle,0.3248857231153082,triangle,0.9999973773956299,triangle,1,1
898,triangle,0.3206055533737401,triangle,0.999908447265625,triangle,1,1
899,triangle,0.3149712434342698,triangle,0.999988317489624,triangle,1,1
900,triangle,0.3303261623872311,triangle,0.9999480247497559,triangle,1,1
901,triangle,0.30882705432648033,triangle,0.9997888207435608,triangle,1,1
902,triangle,0.31635517095597626,triangle,0.9991633892059326,triangle,1,1
903,triangle,0.30937174979709897,triangle,0.9992223978042603,triangle,1,1
904,triangle,0.31013051866396835,triangle,0.9979725480079651,triangle,1,1
905,triangle,0.30706797510627737,triangle,0.998776376247406,triangle,1,1
906,triangle,0.30706797510627737,triangle,0.9990993738174438,triangle,1,1
907,triangle,0.30689639321518264,triangle,0.998282790184021,triangle,1,1
908,triangle,0.31151889092294016,triangle,0.9991303086280823,triangle,1,1
909,triangle,0.3554447504729128,triangle,0.9993020296096802,triangle,1,1
910,triangle,0.30707090979792023,triangle,0.9996606111526489,triangle,1,1
911,triangle,0.30706797510627737,triangle,0.9989244341850281,triangle,1,1
912,triangle,0.3123848003624659,triangle,0.9985628724098206,triangle,1,1
913,square,0.3073171638033178,triangle,0.9983580708503723,triangle,0,1
914,triangle,0.30765842541700983,triangle,0.9977267384529114,triangle,1,1
915,triangle,0.31676196624496256,triangle,0.9982911944389343,triangle,1,1
916,square,0.3148450842210338,triangle,0.9998751878738403,triangle,0,1
917,triangle,0.3116160705903498,triangle,0.9999908208847046,triangle,1,1
918,triangle,0.31468670536598614,triangle,0.9999992847442627,triangle,1,1
919,triangle,0.3133138922327164,triangle,0.9999895095825195,triangle,1,1
920,triangle,0.31705745024488774,triangle,0.999923586845398,triangle,1,1
921,triangle,0.3122166422013557,triangle,0.9996891021728516,triangle,1,1
922,triangle,0.30957424144510187,triangle,0.999715268611908,triangle,1,1
923,triangle,0.30882705432648033,triangle,0.9996899366378784,triangle,1,1
924,triangle,0.35114091615145476,triangle,0.9990444779396057,triangle,1,1
925,triangle,0.3546876468311869,triangle,0.9992327690124512,triangle,1,1
926,triangle,0.3111282973272529,triangle,0.9995013475418091,triangle,1,1
927,triangle,0.30991494713608503,triangle,0.998327910900116,triangle,1,1
928,triangle,0.3053346249631012,triangle,0.999923586845398,triangle,1,1
929,triangle,0.31042484751393823,triangle,0.999984622001648,triangle,1,1
930,triangle,0.35326983922761634,triangle,0.9999896287918091,triangle,1,1
931,triangle,0.34804830665065595,triangle,0.999995231628418,triangle,1,1
932,triangle,0.3566255431796614,triangle,0.9999978542327881,triangle,1,1
933,triangle,0.3143095589651409,triangle,0.9999970197677612,triangle,1,1
934,triangle,0.31578984856057163,triangle,0.9999994039535522,triangle,1,1
935,triangle,0.35146131143035486,triangle,0.999998927116394,triangle,1,1
936,triangle,0.35477328941328595,triangle,0.9999986886978149,triangle,1,1
937,triangle,0.3506683578885745,triangle,0.9999996423721313,triangle,1,1
938,triangle,0.3737013813162901,triangle,0.9999982118606567,triangle,1,1
939,triangle,0.350292625988622,triangle,0.9999892711639404,triangle,1,1
940,triangle,0.3106897508281252,triangle,0.9999675750732422,triangle,1,1
941,triangle,0.30991494713608503,triangle,0.9998751878738403,triangle,1,1
942,triangle,0.3135764168672979,triangle,0.9999852180480957,triangle,1,1
943,triangle,0.3173337665844661,triangle,0.9999910593032837,triangle,1,1
944,triangle,0.3094862109809072,triangle,0.9999786615371704,triangle,1,1
945,square,0.311346119500579,triangle,0.9999903440475464,triangle,0,1
946,triangle,0.3106003986425129,triangle,0.9999551773071289,triangle,1,1
947,triangle,0.3105462630967117,triangle,0.9999914169311523,triangle,1,1
948,triangle,0.31705745024488774,triangle,0.9999957084655762,triangle,1,1
949,triangle,0.31151889092294016,triangle,0.9999969005584717,triangle,1,1
950,triangle,0.35257977590663714,triangle,0.9999940395355225,triangle,1,1
951,triangle,0.3137388926862611,triangle,0.999996542930603,triangle,1,1
952,triangle,0.32435571977791716,triangle,0.9999983310699463,triangle,1,1
953,triangle,0.3502964450443833,triangle,0.9999997615814209,triangle,1,1
954,triangle,0.34579906680007394,triangle,0.9999997615814209,triangle,1,1
955,triangle,0.35235358182960946,triangle,0.9999998807907104,triangle,1,1
956,triangle,0.33513497590787594,triangle,1.0,triangle,1,1
957,triangle,0.3599488308034642,triangle,0.9999998807907104,triangle,1,1
958,square,0.3076613714055902,triangle,0.9999997615814209,triangle,0,1
959,triangle,0.31734682711197143,triangle,0.9999985694885254,triangle,1,1
960,triangle,0.309552477972896,triangle,0.9999955892562866,triangle,1,1
961,triangle,0.30669483332712993,triangle,0.9999980926513672,triangle,1,1
962,triangle,0.31151889092294016,triangle,0.9999973773956299,triangle,1,1
963,triangle,0.3560966520348034,triangle,0.9999914169311523,triangle,1,1
964,triangle,0.35440681134295315,triangle,0.9999833106994629,triangle,1,1
965,triangle,0.30973208728747637,triangle,0.9999840259552002,triangle,1,1
966,triangle,0.31151889092294016,triangle,0.9999959468841553,triangle,1,1
967,triangle,0.31610073558844926,triangle,0.9999940395355225,triangle,1,1
968,triangle,0.31339748650436344,triangle,0.9999866485595703,triangle,1,1
969,triangle,0.3094065618828539,triangle,0.9999943971633911,triangle,1,1
970,triangle,0.3191969964065794,triangle,0.9999998807907104,triangle,1,1
971,triangle,0.32041987610318534,triangle,0.9999998807907104,triangle,1,1
972,square,0.32845611301511696,triangle,1.0,triangle,0,1
973,triangle,0.29920924529548676,triangle,0.9999998807907104,triangle,1,1
974,triangle,0.31309915050051523,triangle,0.9999998807907104,triangle,1,1
975,triangle,0.34544599379385493,triangle,0.9999994039535522,triangle,1,1
976,triangle,0.3548809038061778,triangle,0.9999967813491821,triangle,1,1
977,triangle,0.3131447325861669,triangle,0.9999916553497314,triangle,1,1
978,triangle,0.30675892264617044,triangle,0.9999873638153076,triangle,1,1
979,triangle,0.3595650727763757,triangle,0.999977707862854,triangle,1,1
980,square,0.31008600687682286,triangle,0.9999905824661255,triangle,0,1
981,triangle,0.30733305713532444,triangle,0.9999749660491943,triangle,1,1
982,triangle,0.31052390948655745,triangle,0.9999904632568359,triangle,1,1
983,triangle,0.3123848003624659,triangle,0.9999938011169434,triangle,1,1
984,square,0.31639405307491586,triangle,0.9999902248382568,triangle,0,1
985,triangle,0.3346579214206934,triangle,0.9999995231628418,triangle,1,1
986,triangle,0.35343919322763595,triangle,0.9999996423721313,triangle,1,1
987,square,0.31615707289521355,triangle,0.999998927116394,triangle,0,1
988,triangle,0.31548237919196925,triangle,0.9999995231628418,triangle,1,1
989,triangle,0.35256776892653857,triangle,0.9999774694442749,triangle,1,1
990,triangle,0.31630305926683044,triangle,0.9999749660491943,triangle,1,1
991,triangle,0.31936688737312596,triangle,0.9999785423278809,triangle,1,1
992,triangle,0.30707090979792023,triangle,0.9998629093170166,triangle,1,1
993,triangle,0.34322475975100375,triangle,0.9997187256813049,triangle,1,1
994,triangle,0.3157134972945641,triangle,0.9998201727867126,triangle,1,1
995,triangle,0.3111428438287593,triangle,0.999297022819519,triangle,1,1
996,triangle,0.3534824433866438,triangle,0.9965182542800903,triangle,1,1
997,triangle,0.3027953921553936,triangle,0.9957385063171387,triangle,1,1
998,triangle,0.30707090979792023,triangle,0.9983658194541931,triangle,1,1
999,triangle,0.30997936003444215,triangle,0.9949660897254944,triangle,1,1
